--INSERT INTO sequence VALUES('ordernum', 1000);
--'2000-01-01 15:30:00.000000'

INSERT INTO centro(ID_CENTRO,NOMBRE)  VALUES(1,'Larraskitu');
INSERT INTO centro(ID_CENTRO,NOMBRE)  VALUES(2,'Madrid');
INSERT INTO centro(ID_CENTRO,NOMBRE)  VALUES(3,'La Ola');

INSERT INTO actividad(ID_ACTIVIDAD,NOMBRE)  VALUES(1,'Padel');
INSERT INTO actividad(ID_ACTIVIDAD,NOMBRE)  VALUES(2,'Tenis');
INSERT INTO actividad(ID_ACTIVIDAD,NOMBRE)  VALUES(3,'Fronton');

INSERT INTO instalacion(ID_INSTALACION,FK_CENTRO,FK_ACTIVIDAD,NOMBRE) VALUES (1,1,1,'Pista 1');
INSERT INTO instalacion(ID_INSTALACION,FK_CENTRO,FK_ACTIVIDAD,NOMBRE) VALUES (2,1,1,'Pista 2');
INSERT INTO instalacion(ID_INSTALACION,FK_CENTRO,FK_ACTIVIDAD,NOMBRE) VALUES (3,2,1,'Pista 1');
INSERT INTO instalacion(ID_INSTALACION,FK_CENTRO,FK_ACTIVIDAD,NOMBRE) VALUES (4,2,1,'Pista 2');
INSERT INTO instalacion(ID_INSTALACION,FK_CENTRO,FK_ACTIVIDAD,NOMBRE) VALUES (5,3,2,'Pista 1');
INSERT INTO instalacion(ID_INSTALACION,FK_CENTRO,FK_ACTIVIDAD,NOMBRE) VALUES (6,3,3,'Fronton 1');

INSERT INTO franja(ID_FRANJA,NOMBRE,FECHA_INICIO_VALIDEZ,FECHA_FIN_VALIDEZ,FRANJA_FESTIVOS) VALUES(1,'Festivos','2000-01-01 00:00:00.000000','2099-01-01 23:59:59.000000',0);
INSERT INTO franja(ID_FRANJA,NOMBRE,FECHA_INICIO_VALIDEZ,FECHA_FIN_VALIDEZ,FRANJA_FESTIVOS) VALUES(2,'Laborables','2000-01-01 00:00:00.000000','2099-01-01 23:59:59.000000',1);

INSERT INTO franja_dia(ID_FRANJA_DIA,FK_FRANJA,HORA_INICIO,HORA_FIN) values (1,1,'09:00:00','10:30:00');
INSERT INTO franja_dia(ID_FRANJA_DIA,FK_FRANJA,HORA_INICIO,HORA_FIN) values (2,1,'10:30:00','12:00:00');
INSERT INTO franja_dia(ID_FRANJA_DIA,FK_FRANJA,HORA_INICIO,HORA_FIN) values (3,1,'12:00:00','13:30:00');
INSERT INTO franja_dia(ID_FRANJA_DIA,FK_FRANJA,HORA_INICIO,HORA_FIN) values (4,1,'13:30:00','15:00:00');
INSERT INTO franja_dia(ID_FRANJA_DIA,FK_FRANJA,HORA_INICIO,HORA_FIN) values (5,1,'15:00:00','16:30:00');
INSERT INTO franja_dia(ID_FRANJA_DIA,FK_FRANJA,HORA_INICIO,HORA_FIN) values (6,1,'16:30:00','18:00:00');
INSERT INTO franja_dia(ID_FRANJA_DIA,FK_FRANJA,HORA_INICIO,HORA_FIN) values (7,1,'18:00:00','19:30:00');
INSERT INTO franja_dia(ID_FRANJA_DIA,FK_FRANJA,HORA_INICIO,HORA_FIN) values (8,1,'19:30:00','21:00:00');

INSERT INTO franja_dia(ID_FRANJA_DIA,FK_FRANJA,HORA_INICIO,HORA_FIN) values (11,2,'15:15:00','16:15:00');
INSERT INTO franja_dia(ID_FRANJA_DIA,FK_FRANJA,HORA_INICIO,HORA_FIN) values (12,2,'16:15:00','17:15:00');
INSERT INTO franja_dia(ID_FRANJA_DIA,FK_FRANJA,HORA_INICIO,HORA_FIN) values (13,2,'17:15:00','18:15:00');
INSERT INTO franja_dia(ID_FRANJA_DIA,FK_FRANJA,HORA_INICIO,HORA_FIN) values (14,2,'18:15:00','19:15:00');
INSERT INTO franja_dia(ID_FRANJA_DIA,FK_FRANJA,HORA_INICIO,HORA_FIN) values (15,2,'19:15:00','20:15:00');
INSERT INTO franja_dia(ID_FRANJA_DIA,FK_FRANJA,HORA_INICIO,HORA_FIN) values (16,2,'20:15:00','21:15:00');

INSERT INTO instalacion_franja(ID_INSTALACION_FRANJA,FK_INSTALACION,FK_FRANJA) values(1,1,1);
INSERT INTO instalacion_franja(ID_INSTALACION_FRANJA,FK_INSTALACION,FK_FRANJA) values(2,1,2);
INSERT INTO instalacion_franja(ID_INSTALACION_FRANJA,FK_INSTALACION,FK_FRANJA) values(3,2,1);
INSERT INTO instalacion_franja(ID_INSTALACION_FRANJA,FK_INSTALACION,FK_FRANJA) values(4,2,2);
INSERT INTO instalacion_franja(ID_INSTALACION_FRANJA,FK_INSTALACION,FK_FRANJA) values(5,3,1);
INSERT INTO instalacion_franja(ID_INSTALACION_FRANJA,FK_INSTALACION,FK_FRANJA) values(6,3,2);
INSERT INTO instalacion_franja(ID_INSTALACION_FRANJA,FK_INSTALACION,FK_FRANJA) values(7,4,1);
INSERT INTO instalacion_franja(ID_INSTALACION_FRANJA,FK_INSTALACION,FK_FRANJA) values(8,4,2);
INSERT INTO instalacion_franja(ID_INSTALACION_FRANJA,FK_INSTALACION,FK_FRANJA) values(9,5,1);
INSERT INTO instalacion_franja(ID_INSTALACION_FRANJA,FK_INSTALACION,FK_FRANJA) values(10,5,2);
INSERT INTO instalacion_franja(ID_INSTALACION_FRANJA,FK_INSTALACION,FK_FRANJA) values(11,6,1);
INSERT INTO instalacion_franja(ID_INSTALACION_FRANJA,FK_INSTALACION,FK_FRANJA) values(12,6,2);

INSERT INTO reserva(ID_RESERVA,FK_FRANJA_DIA,FK_INSTALACION,DIA,FEC_HORA,USUARIO,NOMBRE_ORIGINAL,ESTADO) values (1,1,1,current_date,current_timestamp,'U011891','11:00-12:30','C');
INSERT INTO reserva(ID_RESERVA,FK_FRANJA_DIA,FK_INSTALACION,DIA,FEC_HORA,USUARIO,NOMBRE_ORIGINAL,ESTADO) values (2,2,1,current_date,current_timestamp,'U011891','11:00-12:30','C');
INSERT INTO reserva(ID_RESERVA,FK_FRANJA_DIA,FK_INSTALACION,DIA,FEC_HORA,USUARIO,NOMBRE_ORIGINAL,ESTADO) values (3,3,1,current_date,current_timestamp,'U011891','11:00-12:30','O');
INSERT INTO reserva(ID_RESERVA,FK_FRANJA_DIA,FK_INSTALACION,DIA,FEC_HORA,USUARIO,NOMBRE_ORIGINAL,ESTADO) values (4,4,1,current_date,current_timestamp,'U011891','11:00-12:30','O');
INSERT INTO reserva(ID_RESERVA,FK_FRANJA_DIA,FK_INSTALACION,DIA,FEC_HORA,USUARIO,NOMBRE_ORIGINAL,ESTADO) values (5,5,1,current_date,current_timestamp,'U011891','11:00-12:30','O');
INSERT INTO reserva(ID_RESERVA,FK_FRANJA_DIA,FK_INSTALACION,DIA,FEC_HORA,USUARIO,NOMBRE_ORIGINAL,ESTADO) values (6,6,1,current_date,current_timestamp,'U011891','11:00-12:30','C');
INSERT INTO reserva(ID_RESERVA,FK_FRANJA_DIA,FK_INSTALACION,DIA,FEC_HORA,USUARIO,NOMBRE_ORIGINAL,ESTADO) values (7,1,1,current_date,current_timestamp,'U011891','11:00-12:30','C');
INSERT INTO reserva(ID_RESERVA,FK_FRANJA_DIA,FK_INSTALACION,DIA,FEC_HORA,USUARIO,NOMBRE_ORIGINAL,ESTADO) values (8,2,1,current_date,current_timestamp,'U011891','11:00-12:30','C');
INSERT INTO reserva(ID_RESERVA,FK_FRANJA_DIA,FK_INSTALACION,DIA,FEC_HORA,USUARIO,NOMBRE_ORIGINAL,ESTADO) values (9,1,2,current_date,current_timestamp,'U011891','11:00-12:30','C');
INSERT INTO reserva(ID_RESERVA,FK_FRANJA_DIA,FK_INSTALACION,DIA,FEC_HORA,USUARIO,NOMBRE_ORIGINAL,ESTADO) values (10,2,2,current_date,current_timestamp,'U011891','11:00-12:30','C');
INSERT INTO reserva(ID_RESERVA,FK_FRANJA_DIA,FK_INSTALACION,DIA,FEC_HORA,USUARIO,NOMBRE_ORIGINAL,ESTADO) values (11,3,2,current_date,current_timestamp,'U011891','11:00-12:30','C');
INSERT INTO reserva(ID_RESERVA,FK_FRANJA_DIA,FK_INSTALACION,DIA,FEC_HORA,USUARIO,NOMBRE_ORIGINAL,ESTADO) values (12,4,2,current_date,current_timestamp,'U011891','11:00-12:30','C');
INSERT INTO reserva(ID_RESERVA,FK_FRANJA_DIA,FK_INSTALACION,DIA,FEC_HORA,USUARIO,NOMBRE_ORIGINAL,ESTADO) values (13,5,2,current_date,current_timestamp,'U011891','11:00-12:30','C');

INSERT INTO admin(ID_ADMIN) values ('admin');

--INSERT INTO  dia_festivo(ID_DIA_FESTIVO,DIA) VALUES (1,'2011-10-25 00:00:00.000000');

INSERT INTO meapunto(ID_MEAPUNTO,FK_RESERVA ,NIVEL_MINIMO,NIVEL_MAXIMO,NOTAS,DIA_LIMITE,HORA_LIMITE,INSCRITOS,ESTADO ) values (1,4,2,3,'Solo chicos',current_date,'20:15:00',0,'O');
INSERT INTO meapunto(ID_MEAPUNTO,FK_RESERVA ,NIVEL_MINIMO,NIVEL_MAXIMO,NOTAS,DIA_LIMITE,HORA_LIMITE,INSCRITOS,ESTADO ) values (2,5,2,3,'Solo chicas',current_date,'20:45:00',0,'O');
INSERT INTO meapunto(ID_MEAPUNTO,FK_RESERVA ,NIVEL_MINIMO,NIVEL_MAXIMO,NOTAS,DIA_LIMITE,HORA_LIMITE,INSCRITOS,ESTADO ) values (3,6,2,3,'Mixto',current_date,'21:00:00',1,'O');

INSERT INTO inscripcion_meapunto( ID_INSCRIPCION_MEAPUNTO, FK_MEAPUNTO, USUARIO, EMAIL_USUARIO) values(1,3,'E011891','javier.murciego@gmail.com');